981,"CR Форсунка  8-97329703-6","45 600.00",095000-5471,BOSCH
982,"CR Форсунка 4JJ1 8980116040","45 600.00",095000-6980,BOSCH
983,"Регулировочная крышка","12 321.15",7180-193A,DELPHI
984,"Шина JCB Sitemaster 12,5/80  х 18","38 704.00",42/925204,JCB
985,"Камера 15,5 - 16,9 х 24","8 357.00",832/00035,JCB
986,"Фильтр  сапуна гидробака","1 887.00",KRJ3461,JCB
987,"Камера 18,4х26(832/00006)","8 659.00",832/00006,JCB
988,"Камера 16,9х24(832/00027)","3 190.00",832/00027,JCB
989,"Двигатель в сборе","уточняйте цену",01/145259,JCB
990,"Двигатель 68 кВт(320/40241)","1 518 275.00",320/40241,JCB
991,"Камера 16.9х28(832/00005)","15 967.00",832/00005,JCB
992,"Фильтр масляный","уточняйте цену",320/04133,JCB
993,"Масло трансмиссионное JCB High Performance Gear Oil, 200 л.",268.49,4000/0503,JCB
994,"Масло JCB HP GEAR OIL 90 (25л)","уточняйте цену",4000/0302,JCB
995,"Масло гидравлическое JCB HP46 (25л)",280.00,4002/0802,JCB
996,"Масло КПП JCB Extreme Performance Transmission Fluid 10W, 200 л.",218.00,4000/2503,JCB
997,"Масло для вибросистем V-tron, JCB Optimum Performance Gear Oil, 205 л.",549.00,4000/3703,JCB
998,"Масло гидравлическое JCB HP32 (25л)","уточняйте цену",4002/1023,JCB
999,"Масло моторное 10W30 (25л)","уточняйте цену",4001/1702,JCB
1000,"Масло моторное 10W30 (20л)",364.00,4001/1705,JCB
